case,node,longitude_WGS84,latitude_WGS84,category,name,road_type,access_class,passenger,source_ways,reason,sources
D001,1445484327,104.0640515,30.6397694,boundary_clip,人民南路三段,highway.primary,public_road_class_access_unverified,True,100288873;459143638,原始OSM在该点继续，模型端点位于请求2km范围之外；整段保留/边界筛选产生的外部终止，不是真实断路。,https://www.openstreetmap.org/node/1445484327 https://www.openstreetmap.org/way/100288873 https://www.openstreetmap.org/way/459143638
D002,4794975945,104.0639521,30.6397672,boundary_clip,人民南路三段,highway.primary,public_road_class_access_unverified,True,100288873;115625972,原始OSM在该点继续，模型端点位于请求2km范围之外；整段保留/边界筛选产生的外部终止，不是真实断路。,https://www.openstreetmap.org/node/4794975945 https://www.openstreetmap.org/way/100288873 https://www.openstreetmap.org/way/115625972
D003,13869892526,104.0593883,30.637436,boundary_clip,,highway.service,service_access_unverified,False,1520242789;576684245,原始OSM在该点继续，模型端点位于请求2km范围之外；整段保留/边界筛选产生的外部终止，不是真实断路。,https://www.openstreetmap.org/node/13869892526 https://www.openstreetmap.org/way/1520242789 https://www.openstreetmap.org/way/576684245
D004,5478294504,104.0571378,30.6374145,boundary_clip,,highway.residential,public_road_class_access_unverified,True,1348666270;569688450,原始OSM在该点继续，模型端点位于请求2km范围之外；整段保留/边界筛选产生的外部终止，不是真实断路。,https://www.openstreetmap.org/node/5478294504 https://www.openstreetmap.org/way/1348666270 https://www.openstreetmap.org/way/569688450
D005,13766510027,104.0636286,30.6372536,source_terminal_unverified,,highway.footway,foot_cycle_path,False,1504427093,原始OSM也仅有一个相邻道路节点；属于源数据尽端，现场是否通行/存在门禁或漏绘尚未核实。,https://www.openstreetmap.org/node/13766510027 https://www.openstreetmap.org/way/1504427093
D006,432429376,104.0536959,30.6371346,boundary_clip,小天西街,highway.residential,public_road_class_access_unverified,True,265592588;37127682;463252780,原始OSM在该点继续，模型端点位于请求2km范围之外；整段保留/边界筛选产生的外部终止，不是真实断路。,https://www.openstreetmap.org/node/432429376 https://www.openstreetmap.org/way/265592588 https://www.openstreetmap.org/way/37127682 https://www.openstreetmap.org/way/463252780
D007,11775522772,104.0680967,30.6370752,boundary_clip,,highway.service,service_access_unverified,False,1267914188;1267914189,原始OSM在该点继续，模型端点位于请求2km范围之外；整段保留/边界筛选产生的外部终止，不是真实断路。,https://www.openstreetmap.org/node/11775522772 https://www.openstreetmap.org/way/1267914188 https://www.openstreetmap.org/way/1267914189
D008,11775516165,104.0681823,30.6370746,boundary_clip,,highway.service,service_access_unverified,False,1267914187;1267914188,原始OSM在该点继续，模型端点位于请求2km范围之外；整段保留/边界筛选产生的外部终止，不是真实断路。,https://www.openstreetmap.org/node/11775516165 https://www.openstreetmap.org/way/1267914187 https://www.openstreetmap.org/way/1267914188
D009,1916386495,104.0583902,30.6368784,boundary_clip,电信南街,highway.residential,public_road_class_access_unverified,True,1348666270;181190803,原始OSM在该点继续，模型端点位于请求2km范围之外；整段保留/边界筛选产生的外部终止，不是真实断路。,https://www.openstreetmap.org/node/1916386495 https://www.openstreetmap.org/way/1348666270 https://www.openstreetmap.org/way/181190803
D010,5628750476,104.0498629,30.6367738,boundary_clip,一环路南三段,highway.primary,public_road_class_access_unverified,True,538608173;589463599;890791642,原始OSM在该点继续，模型端点位于请求2km范围之外；整段保留/边界筛选产生的外部终止，不是真实断路。,https://www.openstreetmap.org/node/5628750476 https://www.openstreetmap.org/way/538608173 https://www.openstreetmap.org/way/589463599 https://www.openstreetmap.org/way/890791642
D011,671587213,104.056021,30.6367129,boundary_clip,小天东街,highway.residential,public_road_class_access_unverified,True,1446010549;463252780,原始OSM在该点继续，模型端点位于请求2km范围之外；整段保留/边界筛选产生的外部终止，不是真实断路。,https://www.openstreetmap.org/node/671587213 https://www.openstreetmap.org/way/1446010549 https://www.openstreetmap.org/way/463252780
D012,5514165381,104.0514344,30.6361409,boundary_clip,一环路南三段,highway.primary,public_road_class_access_unverified,True,1505070688;574483191,原始OSM在该点继续，模型端点位于请求2km范围之外；整段保留/边界筛选产生的外部终止，不是真实断路。,https://www.openstreetmap.org/node/5514165381 https://www.openstreetmap.org/way/1505070688 https://www.openstreetmap.org/way/574483191
D013,13275518521,104.0677841,30.6361507,source_terminal_unverified,,highway.footway,foot_cycle_path,False,1446888290,原始OSM也仅有一个相邻道路节点；属于源数据尽端，现场是否通行/存在门禁或漏绘尚未核实。,https://www.openstreetmap.org/node/13275518521 https://www.openstreetmap.org/way/1446888290
D014,3562117106,104.0659722,30.6361252,source_terminal_unverified,,highway.footway,foot_cycle_path,False,350464163,原始OSM也仅有一个相邻道路节点；属于源数据尽端，现场是否通行/存在门禁或漏绘尚未核实。,https://www.openstreetmap.org/node/3562117106 https://www.openstreetmap.org/way/350464163
D015,5213238518,104.0704318,30.6361351,boundary_clip,一环路南二段辅路,highway.secondary,public_road_class_access_unverified,True,30549871;538608185,原始OSM在该点继续，模型端点位于请求2km范围之外；整段保留/边界筛选产生的外部终止，不是真实断路。,https://www.openstreetmap.org/node/5213238518 https://www.openstreetmap.org/way/30549871 https://www.openstreetmap.org/way/538608185
D016,3562117104,104.0699565,30.6361265,boundary_clip,,highway.footway,foot_cycle_path,False,350464161;785085436;785085439,原始OSM在该点继续，模型端点位于请求2km范围之外；整段保留/边界筛选产生的外部终止，不是真实断路。,https://www.openstreetmap.org/node/3562117104 https://www.openstreetmap.org/way/350464161 https://www.openstreetmap.org/way/785085436 https://www.openstreetmap.org/way/785085439
D017,7334966723,104.0726807,30.6360812,boundary_clip,,highway.primary,public_road_class_access_unverified,True,785085441;785085443,原始OSM在该点继续，模型端点位于请求2km范围之外；整段保留/边界筛选产生的外部终止，不是真实断路。,https://www.openstreetmap.org/node/7334966723 https://www.openstreetmap.org/way/785085441 https://www.openstreetmap.org/way/785085443
D018,7334966736,104.0726784,30.6360337,boundary_clip,,highway.primary,public_road_class_access_unverified,True,785085440;785085444,原始OSM在该点继续，模型端点位于请求2km范围之外；整段保留/边界筛选产生的外部终止，不是真实断路。,https://www.openstreetmap.org/node/7334966736 https://www.openstreetmap.org/way/785085440 https://www.openstreetmap.org/way/785085444
D019,1159173786,104.0708465,30.6359344,boundary_clip,一环路南二段辅路,highway.secondary,public_road_class_access_unverified,True,100288869;844894037,原始OSM在该点继续，模型端点位于请求2km范围之外；整段保留/边界筛选产生的外部终止，不是真实断路。,https://www.openstreetmap.org/node/1159173786 https://www.openstreetmap.org/way/100288869 https://www.openstreetmap.org/way/844894037
D020,7334966731,104.070316,30.6358493,source_terminal_unverified,,highway.steps,foot_cycle_path,False,785085437,原始OSM也仅有一个相邻道路节点；属于源数据尽端，现场是否通行/存在门禁或漏绘尚未核实。,https://www.openstreetmap.org/node/7334966731 https://www.openstreetmap.org/way/785085437
D021,7334966732,104.0697702,30.6358297,source_terminal_unverified,,highway.steps,foot_cycle_path,False,785085438,原始OSM也仅有一个相邻道路节点；属于源数据尽端，现场是否通行/存在门禁或漏绘尚未核实。,https://www.openstreetmap.org/node/7334966732 https://www.openstreetmap.org/way/785085438
D022,13275518522,104.0677991,30.6358114,source_terminal_unverified,,highway.footway,foot_cycle_path,False,1446888290,原始OSM也仅有一个相邻道路节点；属于源数据尽端，现场是否通行/存在门禁或漏绘尚未核实。,https://www.openstreetmap.org/node/13275518522 https://www.openstreetmap.org/way/1446888290
D023,14181086053,104.0663281,30.6357541,source_terminal_unverified,,highway.footway,foot_cycle_path,False,1558886071,原始OSM也仅有一个相邻道路节点；属于源数据尽端，现场是否通行/存在门禁或漏绘尚未核实。,https://www.openstreetmap.org/node/14181086053 https://www.openstreetmap.org/way/1558886071
D024,13991663392,104.0590788,30.6356831,source_terminal_unverified,,highway.footway,foot_cycle_path,False,1535753887,原始OSM也仅有一个相邻道路节点；属于源数据尽端，现场是否通行/存在门禁或漏绘尚未核实。,https://www.openstreetmap.org/node/13991663392 https://www.openstreetmap.org/way/1535753887
D025,4693610132,104.0707532,30.6356458,source_terminal_unverified,,highway.footway,foot_cycle_path,False,475633281,原始OSM也仅有一个相邻道路节点；属于源数据尽端，现场是否通行/存在门禁或漏绘尚未核实。,https://www.openstreetmap.org/node/4693610132 https://www.openstreetmap.org/way/475633281
D026,4693610141,104.0688162,30.6356278,source_terminal_unverified,,highway.service,service_access_unverified,False,475633285,原始OSM也仅有一个相邻道路节点；属于源数据尽端，现场是否通行/存在门禁或漏绘尚未核实。,https://www.openstreetmap.org/node/4693610141 https://www.openstreetmap.org/way/475633285
D027,4693610135,104.0695083,30.63562,source_terminal_unverified,,highway.footway,foot_cycle_path,False,475633283,原始OSM也仅有一个相邻道路节点；属于源数据尽端，现场是否通行/存在门禁或漏绘尚未核实。,https://www.openstreetmap.org/node/4693610135 https://www.openstreetmap.org/way/475633283
D028,4693610143,104.0672545,30.6355715,source_terminal_unverified,,highway.service,service_access_unverified,False,475633286,原始OSM也仅有一个相邻道路节点；属于源数据尽端，现场是否通行/存在门禁或漏绘尚未核实。,https://www.openstreetmap.org/node/4693610143 https://www.openstreetmap.org/way/475633286
D029,4693610134,104.0706597,30.6354109,source_terminal_unverified,,highway.footway,foot_cycle_path,False,475633282,原始OSM也仅有一个相邻道路节点；属于源数据尽端，现场是否通行/存在门禁或漏绘尚未核实。,https://www.openstreetmap.org/node/4693610134 https://www.openstreetmap.org/way/475633282
D030,4693610144,104.0684007,30.6353523,source_terminal_unverified,,highway.service,service_access_unverified,False,475633287,原始OSM也仅有一个相邻道路节点；属于源数据尽端，现场是否通行/存在门禁或漏绘尚未核实。,https://www.openstreetmap.org/node/4693610144 https://www.openstreetmap.org/way/475633287
D031,4693610145,104.0672745,30.635339,source_terminal_unverified,,highway.service,service_access_unverified,False,475633287,原始OSM也仅有一个相邻道路节点；属于源数据尽端，现场是否通行/存在门禁或漏绘尚未核实。,https://www.openstreetmap.org/node/4693610145 https://www.openstreetmap.org/way/475633287
D032,4693610097,104.070754,30.6352162,source_terminal_unverified,,highway.footway,foot_cycle_path,False,475633270,原始OSM也仅有一个相邻道路节点；属于源数据尽端，现场是否通行/存在门禁或漏绘尚未核实。,https://www.openstreetmap.org/node/4693610097 https://www.openstreetmap.org/way/475633270
D033,5141328840,104.0691101,30.635204,source_terminal_unverified,,highway.footway,foot_cycle_path,False,529212267,原始OSM也仅有一个相邻道路节点；属于源数据尽端，现场是否通行/存在门禁或漏绘尚未核实。,https://www.openstreetmap.org/node/5141328840 https://www.openstreetmap.org/way/529212267
D034,4693610150,104.0676448,30.6351452,source_terminal_unverified,,highway.service,service_access_unverified,False,475633289,原始OSM也仅有一个相邻道路节点；属于源数据尽端，现场是否通行/存在门禁或漏绘尚未核实。,https://www.openstreetmap.org/node/4693610150 https://www.openstreetmap.org/way/475633289
D035,4693609813,104.0708772,30.634871,boundary_clip,,highway.residential,public_road_class_access_unverified,True,100288869;475633217,原始OSM在该点继续，模型端点位于请求2km范围之外；整段保留/边界筛选产生的外部终止，不是真实断路。,https://www.openstreetmap.org/node/4693609813 https://www.openstreetmap.org/way/100288869 https://www.openstreetmap.org/way/475633217
D036,5514165383,104.048305,30.6344804,boundary_clip,,highway.residential,public_road_class_access_unverified,True,574483192;589463599,原始OSM在该点继续，模型端点位于请求2km范围之外；整段保留/边界筛选产生的外部终止，不是真实断路。,https://www.openstreetmap.org/node/5514165383 https://www.openstreetmap.org/way/574483192 https://www.openstreetmap.org/way/589463599
D037,13766510038,104.0636188,30.634468,source_terminal_unverified,,highway.footway,foot_cycle_path,False,1504427094,原始OSM也仅有一个相邻道路节点；属于源数据尽端，现场是否通行/存在门禁或漏绘尚未核实。,https://www.openstreetmap.org/node/13766510038 https://www.openstreetmap.org/way/1504427094
D038,5514165398,104.0499784,30.6343219,source_terminal_unverified,,highway.service,service_access_unverified,False,574483194,原始OSM也仅有一个相邻道路节点；属于源数据尽端，现场是否通行/存在门禁或漏绘尚未核实。,https://www.openstreetmap.org/node/5514165398 https://www.openstreetmap.org/way/574483194
D039,4693610161,104.0681102,30.63434,source_terminal_unverified,,highway.service,service_access_unverified,False,475633228,原始OSM也仅有一个相邻道路节点；属于源数据尽端，现场是否通行/存在门禁或漏绘尚未核实。,https://www.openstreetmap.org/node/4693610161 https://www.openstreetmap.org/way/475633228
D040,4693609815,104.0701769,30.6341448,source_terminal_unverified,,highway.service,service_access_unverified,False,475633218,原始OSM也仅有一个相邻道路节点；属于源数据尽端，现场是否通行/存在门禁或漏绘尚未核实。,https://www.openstreetmap.org/node/4693609815 https://www.openstreetmap.org/way/475633218
D041,4693610170,104.0709003,30.6340733,boundary_clip,,highway.service,public_road_class_access_unverified/service_access_unverified,False,100288869;475633298,原始OSM在该点继续，模型端点位于请求2km范围之外；整段保留/边界筛选产生的外部终止，不是真实断路。,https://www.openstreetmap.org/node/4693610170 https://www.openstreetmap.org/way/100288869 https://www.openstreetmap.org/way/475633298
D042,4693610171,104.0703572,30.6340601,source_terminal_unverified,,highway.service,service_access_unverified,False,475633298,原始OSM也仅有一个相邻道路节点；属于源数据尽端，现场是否通行/存在门禁或漏绘尚未核实。,https://www.openstreetmap.org/node/4693610171 https://www.openstreetmap.org/way/475633298
D043,4693610148,104.0678179,30.6340006,source_terminal_unverified,,highway.service,service_access_unverified,False,475633288,原始OSM也仅有一个相邻道路节点；属于源数据尽端，现场是否通行/存在门禁或漏绘尚未核实。,https://www.openstreetmap.org/node/4693610148 https://www.openstreetmap.org/way/475633288
D044,4693610168,104.0709077,30.6338147,boundary_clip,,highway.service,public_road_class_access_unverified/service_access_unverified,False,100288869;475633297,原始OSM在该点继续，模型端点位于请求2km范围之外；整段保留/边界筛选产生的外部终止，不是真实断路。,https://www.openstreetmap.org/node/4693610168 https://www.openstreetmap.org/way/100288869 https://www.openstreetmap.org/way/475633297
D045,4693610169,104.0702621,30.6337975,source_terminal_unverified,,highway.service,service_access_unverified,False,475633297,原始OSM也仅有一个相邻道路节点；属于源数据尽端，现场是否通行/存在门禁或漏绘尚未核实。,https://www.openstreetmap.org/node/4693610169 https://www.openstreetmap.org/way/475633297
D046,4693610160,104.0692412,30.6337544,source_terminal_unverified,,highway.service,service_access_unverified,False,475633294,原始OSM也仅有一个相邻道路节点；属于源数据尽端，现场是否通行/存在门禁或漏绘尚未核实。,https://www.openstreetmap.org/node/4693610160 https://www.openstreetmap.org/way/475633294
D047,4693610158,104.0679451,30.6337372,source_terminal_unverified,,highway.service,service_access_unverified,False,475633294,原始OSM也仅有一个相邻道路节点；属于源数据尽端，现场是否通行/存在门禁或漏绘尚未核实。,https://www.openstreetmap.org/node/4693610158 https://www.openstreetmap.org/way/475633294
D048,11073271156,104.0709158,30.633537,boundary_clip,,highway.residential,public_road_class_access_unverified,True,100288869;475633216,原始OSM在该点继续，模型端点位于请求2km范围之外；整段保留/边界筛选产生的外部终止，不是真实断路。,https://www.openstreetmap.org/node/11073271156 https://www.openstreetmap.org/way/100288869 https://www.openstreetmap.org/way/475633216
D049,5162173344,104.0663287,30.6333539,source_terminal_unverified,,highway.residential,public_road_class_access_unverified,True,475633299,原始OSM也仅有一个相邻道路节点；属于源数据尽端，现场是否通行/存在门禁或漏绘尚未核实。,https://www.openstreetmap.org/node/5162173344 https://www.openstreetmap.org/way/475633299
D050,4972899578,104.0490138,30.6327338,boundary_clip,,highway.residential,public_road_class_access_unverified,True,345684193;507865708,原始OSM在该点继续，模型端点位于请求2km范围之外；整段保留/边界筛选产生的外部终止，不是真实断路。,https://www.openstreetmap.org/node/4972899578 https://www.openstreetmap.org/way/345684193 https://www.openstreetmap.org/way/507865708
D051,13991721008,104.0589742,30.6325237,source_terminal_unverified,,highway.service,explicit_private_access,False,1535755975,原始OSM也仅有一个相邻道路节点；属于源数据尽端，现场是否通行/存在门禁或漏绘尚未核实。,https://www.openstreetmap.org/node/13991721008 https://www.openstreetmap.org/way/1535755975
D052,4693609824,104.0675906,30.6323588,source_terminal_unverified,,highway.service,service_access_unverified,False,475633219,原始OSM也仅有一个相邻道路节点；属于源数据尽端，现场是否通行/存在门禁或漏绘尚未核实。,https://www.openstreetmap.org/node/4693609824 https://www.openstreetmap.org/way/475633219
D053,1159173784,104.0709596,30.6320212,boundary_clip,成科西路,highway.residential,public_road_class_access_unverified,True,100288869;528151331;528151332,原始OSM在该点继续，模型端点位于请求2km范围之外；整段保留/边界筛选产生的外部终止，不是真实断路。,https://www.openstreetmap.org/node/1159173784 https://www.openstreetmap.org/way/100288869 https://www.openstreetmap.org/way/528151331 https://www.openstreetmap.org/way/528151332
D054,4693646378,104.0677981,30.6314234,source_terminal_unverified,,highway.residential,public_road_class_access_unverified,True,475635974,原始OSM也仅有一个相邻道路节点；属于源数据尽端，现场是否通行/存在门禁或漏绘尚未核实。,https://www.openstreetmap.org/node/4693646378 https://www.openstreetmap.org/way/475635974
D055,3523298659,104.0482285,30.6311598,boundary_clip,芳草西一街,highway.residential,public_road_class_access_unverified,True,345684191;345684192,原始OSM在该点继续，模型端点位于请求2km范围之外；整段保留/边界筛选产生的外部终止，不是真实断路。,https://www.openstreetmap.org/node/3523298659 https://www.openstreetmap.org/way/345684191 https://www.openstreetmap.org/way/345684192
D056,5478294732,104.0633047,30.6309561,source_terminal_unverified,,highway.residential,public_road_class_access_unverified,True,569688455,原始OSM也仅有一个相邻道路节点；属于源数据尽端，现场是否通行/存在门禁或漏绘尚未核实。,https://www.openstreetmap.org/node/5478294732 https://www.openstreetmap.org/way/569688455
D057,13330278257,104.0557298,30.6308697,source_terminal_unverified,,highway.residential,public_road_class_access_unverified,True,1352895555,原始OSM也仅有一个相邻道路节点；属于源数据尽端，现场是否通行/存在门禁或漏绘尚未核实。,https://www.openstreetmap.org/node/13330278257 https://www.openstreetmap.org/way/1352895555
D058,5478294729,104.0625322,30.6303284,source_terminal_unverified,,highway.residential,public_road_class_access_unverified,True,569688454,原始OSM也仅有一个相邻道路节点；属于源数据尽端，现场是否通行/存在门禁或漏绘尚未核实。,https://www.openstreetmap.org/node/5478294729 https://www.openstreetmap.org/way/569688454
D059,11799932040,104.056862,30.630217,source_terminal_unverified,,highway.service,service_access_unverified,False,1270651057,原始OSM也仅有一个相邻道路节点；属于源数据尽端，现场是否通行/存在门禁或漏绘尚未核实。,https://www.openstreetmap.org/node/11799932040 https://www.openstreetmap.org/way/1270651057
D060,5478294744,104.0620333,30.630236,source_terminal_unverified,,highway.residential,public_road_class_access_unverified,True,569688458,原始OSM也仅有一个相邻道路节点；属于源数据尽端，现场是否通行/存在门禁或漏绘尚未核实。,https://www.openstreetmap.org/node/5478294744 https://www.openstreetmap.org/way/569688458
D061,11799932038,104.0561602,30.6301358,source_terminal_unverified,,highway.service,service_access_unverified,False,1270651056,原始OSM也仅有一个相邻道路节点；属于源数据尽端，现场是否通行/存在门禁或漏绘尚未核实。,https://www.openstreetmap.org/node/11799932038 https://www.openstreetmap.org/way/1270651056
D062,3761409984,104.0710104,30.6301996,boundary_clip,,highway.unclassified,public_road_class_access_unverified,True,100288869;372587455,原始OSM在该点继续，模型端点位于请求2km范围之外；整段保留/边界筛选产生的外部终止，不是真实断路。,https://www.openstreetmap.org/node/3761409984 https://www.openstreetmap.org/way/100288869 https://www.openstreetmap.org/way/372587455
D063,11799932036,104.0561442,30.6298702,source_terminal_unverified,,highway.service,service_access_unverified,False,1270651055,原始OSM也仅有一个相邻道路节点；属于源数据尽端，现场是否通行/存在门禁或漏绘尚未核实。,https://www.openstreetmap.org/node/11799932036 https://www.openstreetmap.org/way/1270651055
D064,12518091671,104.0593059,30.6298706,source_terminal_unverified,,highway.service,service_access_unverified,False,1352895544,原始OSM也仅有一个相邻道路节点；属于源数据尽端，现场是否通行/存在门禁或漏绘尚未核实。,https://www.openstreetmap.org/node/12518091671 https://www.openstreetmap.org/way/1352895544
D065,5478294738,104.062205,30.6298714,source_terminal_unverified,,highway.residential,public_road_class_access_unverified,True,569688458,原始OSM也仅有一个相邻道路节点；属于源数据尽端，现场是否通行/存在门禁或漏绘尚未核实。,https://www.openstreetmap.org/node/5478294738 https://www.openstreetmap.org/way/569688458
D066,12501198709,104.0550907,30.6294684,source_terminal_unverified,,highway.service,service_access_unverified,False,1351251334,原始OSM也仅有一个相邻道路节点；属于源数据尽端，现场是否通行/存在门禁或漏绘尚未核实。,https://www.openstreetmap.org/node/12501198709 https://www.openstreetmap.org/way/1351251334
D067,9863913518,104.0639035,30.629454,source_terminal_unverified,,highway.steps,foot_cycle_path,False,1075530375,原始OSM也仅有一个相邻道路节点；属于源数据尽端，现场是否通行/存在门禁或漏绘尚未核实。,https://www.openstreetmap.org/node/9863913518 https://www.openstreetmap.org/way/1075530375
D068,9863913520,104.0636795,30.6293986,source_terminal_unverified,,highway.footway,foot_cycle_path,False,1075530376,原始OSM也仅有一个相邻道路节点；属于源数据尽端，现场是否通行/存在门禁或漏绘尚未核实。,https://www.openstreetmap.org/node/9863913520 https://www.openstreetmap.org/way/1075530376
D069,4693609966,104.0686324,30.6294274,source_terminal_unverified,,highway.residential,public_road_class_access_unverified,True,475633246,原始OSM也仅有一个相邻道路节点；属于源数据尽端，现场是否通行/存在门禁或漏绘尚未核实。,https://www.openstreetmap.org/node/4693609966 https://www.openstreetmap.org/way/475633246
D070,13671760148,104.0575386,30.6291625,source_terminal_unverified,玉林五巷,highway.service,service_access_unverified,True,1491845448,原始OSM也仅有一个相邻道路节点；属于源数据尽端，现场是否通行/存在门禁或漏绘尚未核实。,https://www.openstreetmap.org/node/13671760148 https://www.openstreetmap.org/way/1491845448
D071,4693609981,104.0710436,30.6289435,boundary_clip,,highway.residential,public_road_class_access_unverified,True,100288869;475633249,原始OSM在该点继续，模型端点位于请求2km范围之外；整段保留/边界筛选产生的外部终止，不是真实断路。,https://www.openstreetmap.org/node/4693609981 https://www.openstreetmap.org/way/100288869 https://www.openstreetmap.org/way/475633249
D072,5478294734,104.0626341,30.6287958,source_terminal_unverified,,highway.residential,public_road_class_access_unverified,True,569688456,原始OSM也仅有一个相邻道路节点；属于源数据尽端，现场是否通行/存在门禁或漏绘尚未核实。,https://www.openstreetmap.org/node/5478294734 https://www.openstreetmap.org/way/569688456
D073,12501198707,104.0549634,30.62865,source_terminal_unverified,,highway.service,service_access_unverified,False,1351251333,原始OSM也仅有一个相邻道路节点；属于源数据尽端，现场是否通行/存在门禁或漏绘尚未核实。,https://www.openstreetmap.org/node/12501198707 https://www.openstreetmap.org/way/1351251333
D074,11799932062,104.0615581,30.6284988,source_terminal_unverified,,highway.service,service_access_unverified,False,1270651065,原始OSM也仅有一个相邻道路节点；属于源数据尽端，现场是否通行/存在门禁或漏绘尚未核实。,https://www.openstreetmap.org/node/11799932062 https://www.openstreetmap.org/way/1270651065
D075,11799932059,104.0613937,30.6281619,source_terminal_unverified,,highway.service,service_access_unverified,False,1270651064,原始OSM也仅有一个相邻道路节点；属于源数据尽端，现场是否通行/存在门禁或漏绘尚未核实。,https://www.openstreetmap.org/node/11799932059 https://www.openstreetmap.org/way/1270651064
D076,11799930366,104.055154,30.6281082,source_terminal_unverified,,highway.service,service_access_unverified,False,1270651036,原始OSM也仅有一个相邻道路节点；属于源数据尽端，现场是否通行/存在门禁或漏绘尚未核实。,https://www.openstreetmap.org/node/11799930366 https://www.openstreetmap.org/way/1270651036
D077,12501198710,104.0557773,30.6280577,source_terminal_unverified,,highway.residential,public_road_class_access_unverified,True,1270651026,原始OSM也仅有一个相邻道路节点；属于源数据尽端，现场是否通行/存在门禁或漏绘尚未核实。,https://www.openstreetmap.org/node/12501198710 https://www.openstreetmap.org/way/1270651026
D078,4693609979,104.0710645,30.6281489,boundary_clip,,highway.residential,public_road_class_access_unverified,True,100288869;475633248,原始OSM在该点继续，模型端点位于请求2km范围之外；整段保留/边界筛选产生的外部终止，不是真实断路。,https://www.openstreetmap.org/node/4693609979 https://www.openstreetmap.org/way/100288869 https://www.openstreetmap.org/way/475633248
D079,7743230959,104.0661931,30.6281061,source_terminal_unverified,,highway.residential,public_road_class_access_unverified,True,829607564,原始OSM也仅有一个相邻道路节点；属于源数据尽端，现场是否通行/存在门禁或漏绘尚未核实。,https://www.openstreetmap.org/node/7743230959 https://www.openstreetmap.org/way/829607564
D080,11799932056,104.0615234,30.6279985,source_terminal_unverified,,highway.service,service_access_unverified,False,1270651063,原始OSM也仅有一个相邻道路节点；属于源数据尽端，现场是否通行/存在门禁或漏绘尚未核实。,https://www.openstreetmap.org/node/11799932056 https://www.openstreetmap.org/way/1270651063
D081,11799932053,104.061704,30.6278251,source_terminal_unverified,,highway.service,service_access_unverified,False,1270651062,原始OSM也仅有一个相邻道路节点；属于源数据尽端，现场是否通行/存在门禁或漏绘尚未核实。,https://www.openstreetmap.org/node/11799932053 https://www.openstreetmap.org/way/1270651062
D082,11799932050,104.0614562,30.6276497,source_terminal_unverified,,highway.service,service_access_unverified,False,1270651061,原始OSM也仅有一个相邻道路节点；属于源数据尽端，现场是否通行/存在门禁或漏绘尚未核实。,https://www.openstreetmap.org/node/11799932050 https://www.openstreetmap.org/way/1270651061
D083,1159173779,104.0710702,30.6275768,boundary_clip,锦绣路,highway.secondary,public_road_class_access_unverified,True,100288869;337493840,原始OSM在该点继续，模型端点位于请求2km范围之外；整段保留/边界筛选产生的外部终止，不是真实断路。,https://www.openstreetmap.org/node/1159173779 https://www.openstreetmap.org/way/100288869 https://www.openstreetmap.org/way/337493840
D084,8329831281,104.0454218,30.6271897,boundary_clip,二环高架路,highway.trunk,public_road_class_access_unverified,True,441574379;570975763,原始OSM在该点继续，模型端点位于请求2km范围之外；整段保留/边界筛选产生的外部终止，不是真实断路。,https://www.openstreetmap.org/node/8329831281 https://www.openstreetmap.org/way/441574379 https://www.openstreetmap.org/way/570975763
D085,8329831280,104.0453946,30.6267829,boundary_clip,二环高架路,highway.trunk,public_road_class_access_unverified,True,824625838;896111036,原始OSM在该点继续，模型端点位于请求2km范围之外；整段保留/边界筛选产生的外部终止，不是真实断路。,https://www.openstreetmap.org/node/8329831280 https://www.openstreetmap.org/way/824625838 https://www.openstreetmap.org/way/896111036
D086,7743076419,104.065799,30.626815,source_terminal_unverified,,highway.service,service_access_unverified,False,829589783,原始OSM也仅有一个相邻道路节点；属于源数据尽端，现场是否通行/存在门禁或漏绘尚未核实。,https://www.openstreetmap.org/node/7743076419 https://www.openstreetmap.org/way/829589783
D087,7743076363,104.0663306,30.6267355,source_terminal_unverified,,highway.service,service_access_unverified,False,829589773,原始OSM也仅有一个相邻道路节点；属于源数据尽端，现场是否通行/存在门禁或漏绘尚未核实。,https://www.openstreetmap.org/node/7743076363 https://www.openstreetmap.org/way/829589773
D088,11925713590,104.0592672,30.6264031,source_terminal_unverified,玉寿巷,highway.residential,public_road_class_access_unverified,True,1285599800,原始OSM也仅有一个相邻道路节点；属于源数据尽端，现场是否通行/存在门禁或漏绘尚未核实。,https://www.openstreetmap.org/node/11925713590 https://www.openstreetmap.org/way/1285599800
D089,7743240186,104.0666509,30.6263946,source_terminal_unverified,,highway.footway,foot_cycle_path,False,829607568,原始OSM也仅有一个相邻道路节点；属于源数据尽端，现场是否通行/存在门禁或漏绘尚未核实。,https://www.openstreetmap.org/node/7743240186 https://www.openstreetmap.org/way/829607568
D090,11925713500,104.0614683,30.6263302,source_terminal_unverified,,highway.service,service_access_unverified,False,1285599775,原始OSM也仅有一个相邻道路节点；属于源数据尽端，现场是否通行/存在门禁或漏绘尚未核实。,https://www.openstreetmap.org/node/11925713500 https://www.openstreetmap.org/way/1285599775
D091,7743061381,104.065674,30.6262976,source_terminal_unverified,,highway.service,service_access_unverified,False,829589752,原始OSM也仅有一个相邻道路节点；属于源数据尽端，现场是否通行/存在门禁或漏绘尚未核实。,https://www.openstreetmap.org/node/7743061381 https://www.openstreetmap.org/way/829589752
D092,7743076364,104.0663535,30.6262562,source_terminal_unverified,,highway.service,service_access_unverified,False,829589773,原始OSM也仅有一个相邻道路节点；属于源数据尽端，现场是否通行/存在门禁或漏绘尚未核实。,https://www.openstreetmap.org/node/7743076364 https://www.openstreetmap.org/way/829589773
D093,4548211609,104.0473225,30.6261084,boundary_clip,二环路南三段,highway.secondary,public_road_class_access_unverified,True,126463203;1433226082;441579299;571017082;611514007,原始OSM在该点继续，模型端点位于请求2km范围之外；整段保留/边界筛选产生的外部终止，不是真实断路。,https://www.openstreetmap.org/node/4548211609 https://www.openstreetmap.org/way/126463203 https://www.openstreetmap.org/way/1433226082 https://www.openstreetmap.org/way/441579299 https://www.openstreetmap.org/way/571017082 https://www.openstreetmap.org/way/611514007
D094,11925713504,104.06245,30.6260917,source_terminal_unverified,,highway.service,service_access_unverified,False,1285599777,原始OSM也仅有一个相邻道路节点；属于源数据尽端，现场是否通行/存在门禁或漏绘尚未核实。,https://www.openstreetmap.org/node/11925713504 https://www.openstreetmap.org/way/1285599777
D095,5789411072,104.0474454,30.6258538,boundary_clip,二环路南三段,highway.secondary,public_road_class_access_unverified,True,458891623;611514007,原始OSM在该点继续，模型端点位于请求2km范围之外；整段保留/边界筛选产生的外部终止，不是真实断路。,https://www.openstreetmap.org/node/5789411072 https://www.openstreetmap.org/way/458891623 https://www.openstreetmap.org/way/611514007
D096,11925713502,104.0616293,30.6259209,source_terminal_unverified,,highway.service,parking_or_driveway,False,1285599776,原始OSM也仅有一个相邻道路节点；属于源数据尽端，现场是否通行/存在门禁或漏绘尚未核实。,https://www.openstreetmap.org/node/11925713502 https://www.openstreetmap.org/way/1285599776
D097,6262777755,104.0686761,30.6259161,source_terminal_unverified,,highway.service,parking_or_driveway,False,668773494,原始OSM也仅有一个相邻道路节点；属于源数据尽端，现场是否通行/存在门禁或漏绘尚未核实。,https://www.openstreetmap.org/node/6262777755 https://www.openstreetmap.org/way/668773494
D098,6262777872,104.0684125,30.6258027,source_terminal_unverified,,highway.service,service_access_unverified,False,668773505,原始OSM也仅有一个相邻道路节点；属于源数据尽端，现场是否通行/存在门禁或漏绘尚未核实。,https://www.openstreetmap.org/node/6262777872 https://www.openstreetmap.org/way/668773505
D099,6262777746,104.0668696,30.6254164,source_terminal_unverified,,highway.residential,public_road_class_access_unverified,True,668773493,原始OSM也仅有一个相邻道路节点；属于源数据尽端，现场是否通行/存在门禁或漏绘尚未核实。,https://www.openstreetmap.org/node/6262777746 https://www.openstreetmap.org/way/668773493
D100,10811766225,104.0528676,30.6248507,source_terminal_unverified,,highway.service,service_access_unverified,False,1162533786,原始OSM也仅有一个相邻道路节点；属于源数据尽端，现场是否通行/存在门禁或漏绘尚未核实。,https://www.openstreetmap.org/node/10811766225 https://www.openstreetmap.org/way/1162533786
D101,1159175447,104.0715928,30.6246772,boundary_clip,棕南西街,highway.residential,public_road_class_access_unverified,True,100288857;100288903,原始OSM在该点继续，模型端点位于请求2km范围之外；整段保留/边界筛选产生的外部终止，不是真实断路。,https://www.openstreetmap.org/node/1159175447 https://www.openstreetmap.org/way/100288857 https://www.openstreetmap.org/way/100288903
D102,11925713560,104.06386,30.6245631,source_terminal_unverified,,highway.service,service_access_unverified,False,1285599791,原始OSM也仅有一个相邻道路节点；属于源数据尽端，现场是否通行/存在门禁或漏绘尚未核实。,https://www.openstreetmap.org/node/11925713560 https://www.openstreetmap.org/way/1285599791
D103,11925713562,104.063227,30.6245584,source_terminal_unverified,,highway.service,service_access_unverified,False,1285599792,原始OSM也仅有一个相邻道路节点；属于源数据尽端，现场是否通行/存在门禁或漏绘尚未核实。,https://www.openstreetmap.org/node/11925713562 https://www.openstreetmap.org/way/1285599792
D104,13173736923,104.0566642,30.6243589,source_terminal_unverified,,highway.service,service_access_unverified,False,1433368767,原始OSM也仅有一个相邻道路节点；属于源数据尽端，现场是否通行/存在门禁或漏绘尚未核实。,https://www.openstreetmap.org/node/13173736923 https://www.openstreetmap.org/way/1433368767
D105,5478294764,104.062428,30.6240873,source_terminal_unverified,,highway.service,service_access_unverified,False,569688467,原始OSM也仅有一个相邻道路节点；属于源数据尽端，现场是否通行/存在门禁或漏绘尚未核实。,https://www.openstreetmap.org/node/5478294764 https://www.openstreetmap.org/way/569688467
D106,13173736920,104.0565899,30.6240437,source_terminal_unverified,,highway.service,service_access_unverified,False,1433368766,原始OSM也仅有一个相邻道路节点；属于源数据尽端，现场是否通行/存在门禁或漏绘尚未核实。,https://www.openstreetmap.org/node/13173736920 https://www.openstreetmap.org/way/1433368766
D107,13173736919,104.055514,30.62403,source_terminal_unverified,,highway.service,service_access_unverified,False,1433368766,原始OSM也仅有一个相邻道路节点；属于源数据尽端，现场是否通行/存在门禁或漏绘尚未核实。,https://www.openstreetmap.org/node/13173736919 https://www.openstreetmap.org/way/1433368766
D108,3523314179,104.0521842,30.6238797,source_terminal_unverified,,highway.footway,foot_cycle_path,False,345685009,原始OSM也仅有一个相邻道路节点；属于源数据尽端，现场是否通行/存在门禁或漏绘尚未核实。,https://www.openstreetmap.org/node/3523314179 https://www.openstreetmap.org/way/345685009
D109,4972899565,104.0495915,30.6237876,source_terminal_unverified,,highway.residential,public_road_class_access_unverified,True,507865705,原始OSM也仅有一个相邻道路节点；属于源数据尽端，现场是否通行/存在门禁或漏绘尚未核实。,https://www.openstreetmap.org/node/4972899565 https://www.openstreetmap.org/way/507865705
D110,6262777620,104.0685674,30.6237649,source_terminal_unverified,,highway.service,parking_or_driveway,False,668773474,原始OSM也仅有一个相邻道路节点；属于源数据尽端，现场是否通行/存在门禁或漏绘尚未核实。,https://www.openstreetmap.org/node/6262777620 https://www.openstreetmap.org/way/668773474
D111,8329831287,104.0518409,30.623578,source_terminal_unverified,,highway.footway,foot_cycle_path,False,896111038,原始OSM也仅有一个相邻道路节点；属于源数据尽端，现场是否通行/存在门禁或漏绘尚未核实。,https://www.openstreetmap.org/node/8329831287 https://www.openstreetmap.org/way/896111038
D112,9523120706,104.0674249,30.6236854,source_terminal_unverified,,highway.path,foot_cycle_path,True,1033678581,原始OSM也仅有一个相邻道路节点；属于源数据尽端，现场是否通行/存在门禁或漏绘尚未核实。,https://www.openstreetmap.org/node/9523120706 https://www.openstreetmap.org/way/1033678581
D113,3523314181,104.0529057,30.623545,source_terminal_unverified,,highway.footway,foot_cycle_path,False,345685009,原始OSM也仅有一个相邻道路节点；属于源数据尽端，现场是否通行/存在门禁或漏绘尚未核实。,https://www.openstreetmap.org/node/3523314181 https://www.openstreetmap.org/way/345685009
D114,6262777611,104.0689061,30.6235924,source_terminal_unverified,,highway.service,parking_or_driveway,False,668773472,原始OSM也仅有一个相邻道路节点；属于源数据尽端，现场是否通行/存在门禁或漏绘尚未核实。,https://www.openstreetmap.org/node/6262777611 https://www.openstreetmap.org/way/668773472
D115,3523314176,104.052608,30.6232196,source_terminal_unverified,,highway.footway,foot_cycle_path,False,345685010,原始OSM也仅有一个相邻道路节点；属于源数据尽端，现场是否通行/存在门禁或漏绘尚未核实。,https://www.openstreetmap.org/node/3523314176 https://www.openstreetmap.org/way/345685010
D116,6258805266,104.0657785,30.6232842,source_terminal_unverified,,highway.residential,public_road_class_access_unverified,True,668355786,原始OSM也仅有一个相邻道路节点；属于源数据尽端，现场是否通行/存在门禁或漏绘尚未核实。,https://www.openstreetmap.org/node/6258805266 https://www.openstreetmap.org/way/668355786
D117,6262777671,104.0699313,30.6231803,source_terminal_unverified,,highway.steps,foot_cycle_path,False,668773481,原始OSM也仅有一个相邻道路节点；属于源数据尽端，现场是否通行/存在门禁或漏绘尚未核实。,https://www.openstreetmap.org/node/6262777671 https://www.openstreetmap.org/way/668773481
D118,6262777674,104.0700601,30.6231807,source_terminal_unverified,,highway.steps,foot_cycle_path,False,668773482,原始OSM也仅有一个相邻道路节点；属于源数据尽端，现场是否通行/存在门禁或漏绘尚未核实。,https://www.openstreetmap.org/node/6262777674 https://www.openstreetmap.org/way/668773482
D119,4548142591,104.0721344,30.6229405,boundary_clip,二环路南三段,highway.secondary,public_road_class_access_unverified,True,100288855;441579299,原始OSM在该点继续，模型端点位于请求2km范围之外；整段保留/边界筛选产生的外部终止，不是真实断路。,https://www.openstreetmap.org/node/4548142591 https://www.openstreetmap.org/way/100288855 https://www.openstreetmap.org/way/441579299
D120,6262777590,104.0680809,30.6229031,source_terminal_unverified,,highway.steps,foot_cycle_path,False,668773465,原始OSM也仅有一个相邻道路节点；属于源数据尽端，现场是否通行/存在门禁或漏绘尚未核实。,https://www.openstreetmap.org/node/6262777590 https://www.openstreetmap.org/way/668773465
D121,6262777591,104.0677067,30.6228962,source_terminal_unverified,,highway.steps,foot_cycle_path,False,668773465,原始OSM也仅有一个相邻道路节点；属于源数据尽端，现场是否通行/存在门禁或漏绘尚未核实。,https://www.openstreetmap.org/node/6262777591 https://www.openstreetmap.org/way/668773465
D122,6262777601,104.0682052,30.62266,source_terminal_unverified,,highway.steps,foot_cycle_path,False,668773469,原始OSM也仅有一个相邻道路节点；属于源数据尽端，现场是否通行/存在门禁或漏绘尚未核实。,https://www.openstreetmap.org/node/6262777601 https://www.openstreetmap.org/way/668773469
D123,6262777599,104.0675786,30.6226466,source_terminal_unverified,,highway.steps,foot_cycle_path,False,668773469,原始OSM也仅有一个相邻道路节点；属于源数据尽端，现场是否通行/存在门禁或漏绘尚未核实。,https://www.openstreetmap.org/node/6262777599 https://www.openstreetmap.org/way/668773469
D124,6262777598,104.0682056,30.6226457,source_terminal_unverified,,highway.steps,foot_cycle_path,False,668773468,原始OSM也仅有一个相邻道路节点；属于源数据尽端，现场是否通行/存在门禁或漏绘尚未核实。,https://www.openstreetmap.org/node/6262777598 https://www.openstreetmap.org/way/668773468
D125,6262777596,104.06758,30.6226296,source_terminal_unverified,,highway.steps,foot_cycle_path,False,668773468,原始OSM也仅有一个相邻道路节点；属于源数据尽端，现场是否通行/存在门禁或漏绘尚未核实。,https://www.openstreetmap.org/node/6262777596 https://www.openstreetmap.org/way/668773468
D126,6262777593,104.0680701,30.6223584,source_terminal_unverified,,highway.steps,foot_cycle_path,False,668773466,原始OSM也仅有一个相邻道路节点；属于源数据尽端，现场是否通行/存在门禁或漏绘尚未核实。,https://www.openstreetmap.org/node/6262777593 https://www.openstreetmap.org/way/668773466
D127,6262777592,104.0677389,30.6223549,source_terminal_unverified,,highway.steps,foot_cycle_path,False,668773466,原始OSM也仅有一个相邻道路节点；属于源数据尽端，现场是否通行/存在门禁或漏绘尚未核实。,https://www.openstreetmap.org/node/6262777592 https://www.openstreetmap.org/way/668773466
D128,6252596024,104.0659788,30.621618,source_terminal_unverified,,highway.service,parking_or_driveway,False,667773070,原始OSM也仅有一个相邻道路节点；属于源数据尽端，现场是否通行/存在门禁或漏绘尚未核实。,https://www.openstreetmap.org/node/6252596024 https://www.openstreetmap.org/way/667773070
D129,6252596023,104.0649998,30.6216065,source_terminal_unverified,,highway.service,parking_or_driveway,False,667773070,原始OSM也仅有一个相邻道路节点；属于源数据尽端，现场是否通行/存在门禁或漏绘尚未核实。,https://www.openstreetmap.org/node/6252596023 https://www.openstreetmap.org/way/667773070
D130,5478294815,104.0566421,30.6215023,source_terminal_unverified,,highway.service,service_access_unverified,False,569688482,原始OSM也仅有一个相邻道路节点；属于源数据尽端，现场是否通行/存在门禁或漏绘尚未核实。,https://www.openstreetmap.org/node/5478294815 https://www.openstreetmap.org/way/569688482
D131,4972899561,104.0489497,30.6209499,source_terminal_unverified,,highway.service,service_access_unverified,False,507865704,原始OSM也仅有一个相邻道路节点；属于源数据尽端，现场是否通行/存在门禁或漏绘尚未核实。,https://www.openstreetmap.org/node/4972899561 https://www.openstreetmap.org/way/507865704
D132,5478294867,104.0616417,30.6209599,source_terminal_unverified,,highway.service,service_access_unverified,False,569688493,原始OSM也仅有一个相邻道路节点；属于源数据尽端，现场是否通行/存在门禁或漏绘尚未核实。,https://www.openstreetmap.org/node/5478294867 https://www.openstreetmap.org/way/569688493
D133,5478294813,104.0557408,30.6208052,source_terminal_unverified,,highway.service,service_access_unverified,False,569688481,原始OSM也仅有一个相邻道路节点；属于源数据尽端，现场是否通行/存在门禁或漏绘尚未核实。,https://www.openstreetmap.org/node/5478294813 https://www.openstreetmap.org/way/569688481
D134,4972899570,104.0534318,30.6205503,source_terminal_unverified,,highway.residential,public_road_class_access_unverified,True,507865706,原始OSM也仅有一个相邻道路节点；属于源数据尽端，现场是否通行/存在门禁或漏绘尚未核实。,https://www.openstreetmap.org/node/4972899570 https://www.openstreetmap.org/way/507865706
D135,6252596083,104.0634984,30.6203895,source_terminal_unverified,,highway.service,parking_or_driveway,False,667773084,原始OSM也仅有一个相邻道路节点；属于源数据尽端，现场是否通行/存在门禁或漏绘尚未核实。,https://www.openstreetmap.org/node/6252596083 https://www.openstreetmap.org/way/667773084
D136,6252595990,104.0661424,30.6203364,source_terminal_unverified,,highway.service,parking_or_driveway,False,667773058,原始OSM也仅有一个相邻道路节点；属于源数据尽端，现场是否通行/存在门禁或漏绘尚未核实。,https://www.openstreetmap.org/node/6252595990 https://www.openstreetmap.org/way/667773058
D137,480012052,104.0690124,30.6203158,source_terminal_unverified,,highway.residential,public_road_class_access_unverified,True,39962835,原始OSM也仅有一个相邻道路节点；属于源数据尽端，现场是否通行/存在门禁或漏绘尚未核实。,https://www.openstreetmap.org/node/480012052 https://www.openstreetmap.org/way/39962835
D138,2727022877,104.049492,30.6196592,boundary_clip,紫荆北路,highway.residential,public_road_class_access_unverified,True,266163676;267232753,原始OSM在该点继续，模型端点位于请求2km范围之外；整段保留/边界筛选产生的外部终止，不是真实断路。,https://www.openstreetmap.org/node/2727022877 https://www.openstreetmap.org/way/266163676 https://www.openstreetmap.org/way/267232753
D139,3266784227,104.0493543,30.6194413,boundary_clip,紫竹西路,highway.residential,public_road_class_access_unverified,True,266163676;267232475,原始OSM在该点继续，模型端点位于请求2km范围之外；整段保留/边界筛选产生的外部终止，不是真实断路。,https://www.openstreetmap.org/node/3266784227 https://www.openstreetmap.org/way/266163676 https://www.openstreetmap.org/way/267232475
D140,6252594535,104.0654517,30.6189584,source_terminal_unverified,,highway.service,parking_or_driveway,False,667773049,原始OSM也仅有一个相邻道路节点；属于源数据尽端，现场是否通行/存在门禁或漏绘尚未核实。,https://www.openstreetmap.org/node/6252594535 https://www.openstreetmap.org/way/667773049
D141,5478294840,104.0595952,30.6188894,source_terminal_unverified,,highway.service,service_access_unverified,False,569688487,原始OSM也仅有一个相邻道路节点；属于源数据尽端，现场是否通行/存在门禁或漏绘尚未核实。,https://www.openstreetmap.org/node/5478294840 https://www.openstreetmap.org/way/569688487
D142,5478294839,104.058879,30.6188571,source_terminal_unverified,,highway.service,service_access_unverified,False,569688486,原始OSM也仅有一个相邻道路节点；属于源数据尽端，现场是否通行/存在门禁或漏绘尚未核实。,https://www.openstreetmap.org/node/5478294839 https://www.openstreetmap.org/way/569688486
D143,6256896577,104.0683016,30.6183859,source_terminal_unverified,,highway.service,parking_or_driveway,False,668156790,原始OSM也仅有一个相邻道路节点；属于源数据尽端，现场是否通行/存在门禁或漏绘尚未核实。,https://www.openstreetmap.org/node/6256896577 https://www.openstreetmap.org/way/668156790
D144,6256896570,104.069294,30.618132,source_terminal_unverified,,highway.service,parking_or_driveway,False,668156788,原始OSM也仅有一个相邻道路节点；属于源数据尽端，现场是否通行/存在门禁或漏绘尚未核实。,https://www.openstreetmap.org/node/6256896570 https://www.openstreetmap.org/way/668156788
D145,6256896578,104.068387,30.6178527,boundary_clip,,highway.service,parking_or_driveway/service_access_unverified,False,668156779;668156791,原始OSM在该点继续，模型端点位于请求2km范围之外；整段保留/边界筛选产生的外部终止，不是真实断路。,https://www.openstreetmap.org/node/6256896578 https://www.openstreetmap.org/way/668156779 https://www.openstreetmap.org/way/668156791
D146,6256896543,104.0694556,30.6177512,boundary_clip,新希望路,highway.residential,public_road_class_access_unverified/service_access_unverified,True,37132262;668156781,原始OSM在该点继续，模型端点位于请求2km范围之外；整段保留/边界筛选产生的外部终止，不是真实断路。,https://www.openstreetmap.org/node/6256896543 https://www.openstreetmap.org/way/37132262 https://www.openstreetmap.org/way/668156781
D147,6256896560,104.0693116,30.6177478,boundary_clip,,highway.service,parking_or_driveway/service_access_unverified,False,668156781;668156787,原始OSM在该点继续，模型端点位于请求2km范围之外；整段保留/边界筛选产生的外部终止，不是真实断路。,https://www.openstreetmap.org/node/6256896560 https://www.openstreetmap.org/way/668156781 https://www.openstreetmap.org/way/668156787
D148,432452888,104.0521665,30.6176195,boundary_clip,紫竹中街,highway.residential,public_road_class_access_unverified,True,1363075939;266164016;267232478,原始OSM在该点继续，模型端点位于请求2km范围之外；整段保留/边界筛选产生的外部终止，不是真实断路。,https://www.openstreetmap.org/node/432452888 https://www.openstreetmap.org/way/1363075939 https://www.openstreetmap.org/way/266164016 https://www.openstreetmap.org/way/267232478
D149,6256896544,104.0666118,30.6176567,boundary_clip,,highway.service,service_access_unverified,False,668156779;668156782,原始OSM在该点继续，模型端点位于请求2km范围之外；整段保留/边界筛选产生的外部终止，不是真实断路。,https://www.openstreetmap.org/node/6256896544 https://www.openstreetmap.org/way/668156779 https://www.openstreetmap.org/way/668156782
D150,432452886,104.0520443,30.6174952,boundary_clip,紫竹中街,highway.residential,public_road_class_access_unverified,True,1363075939;267232477;37132252,原始OSM在该点继续，模型端点位于请求2km范围之外；整段保留/边界筛选产生的外部终止，不是真实断路。,https://www.openstreetmap.org/node/432452886 https://www.openstreetmap.org/way/1363075939 https://www.openstreetmap.org/way/267232477 https://www.openstreetmap.org/way/37132252
D151,6257575017,104.0648373,30.6175326,boundary_clip,人民南路四段,highway.tertiary,public_road_class_access_unverified/service_access_unverified,True,1448610360;668220101,原始OSM在该点继续，模型端点位于请求2km范围之外；整段保留/边界筛选产生的外部终止，不是真实断路。,https://www.openstreetmap.org/node/6257575017 https://www.openstreetmap.org/way/1448610360 https://www.openstreetmap.org/way/668220101
D152,6256896534,104.0661132,30.6175319,boundary_clip,,highway.unclassified,public_road_class_access_unverified/service_access_unverified,True,265385902;668156778,原始OSM在该点继续，模型端点位于请求2km范围之外；整段保留/边界筛选产生的外部终止，不是真实断路。,https://www.openstreetmap.org/node/6256896534 https://www.openstreetmap.org/way/265385902 https://www.openstreetmap.org/way/668156778
D153,4701464385,104.064483,30.6173918,boundary_clip,人民南路四段,highway.tertiary,public_road_class_access_unverified,True,1442743827;476647760,原始OSM在该点继续，模型端点位于请求2km范围之外；整段保留/边界筛选产生的外部终止，不是真实断路。,https://www.openstreetmap.org/node/4701464385 https://www.openstreetmap.org/way/1442743827 https://www.openstreetmap.org/way/476647760
D154,13985142888,104.0550044,30.6171519,boundary_clip,,highway.cycleway,foot_cycle_path/public_road_class_access_unverified,False,1534837204;266164016,原始OSM在该点继续，模型端点位于请求2km范围之外；整段保留/边界筛选产生的外部终止，不是真实断路。,https://www.openstreetmap.org/node/13985142888 https://www.openstreetmap.org/way/1534837204 https://www.openstreetmap.org/way/266164016
D155,2717452481,104.0550456,30.6171451,boundary_clip,新光路,highway.secondary,public_road_class_access_unverified,True,266164016;267226974,原始OSM在该点继续，模型端点位于请求2km范围之外；整段保留/边界筛选产生的外部终止，不是真实断路。,https://www.openstreetmap.org/node/2717452481 https://www.openstreetmap.org/way/266164016 https://www.openstreetmap.org/way/267226974
D156,7618649237,104.0646336,30.6164206,boundary_clip,人民南路四段,highway.primary,public_road_class_access_unverified,True,136004891;1442743826,原始OSM在该点继续，模型端点位于请求2km范围之外；整段保留/边界筛选产生的外部终止，不是真实断路。,https://www.openstreetmap.org/node/7618649237 https://www.openstreetmap.org/way/136004891 https://www.openstreetmap.org/way/1442743826
D157,432452898,104.0602255,30.6163733,boundary_clip,桐梓林东路,highway.residential,public_road_class_access_unverified,True,276196015;37132257;37132259;815758060,原始OSM在该点继续，模型端点位于请求2km范围之外；整段保留/边界筛选产生的外部终止，不是真实断路。,https://www.openstreetmap.org/node/432452898 https://www.openstreetmap.org/way/276196015 https://www.openstreetmap.org/way/37132257 https://www.openstreetmap.org/way/37132259 https://www.openstreetmap.org/way/815758060
D158,432452894,104.0578544,30.6163087,boundary_clip,桐梓林路,highway.residential,public_road_class_access_unverified,True,37132255;37132257,原始OSM在该点继续，模型端点位于请求2km范围之外；整段保留/边界筛选产生的外部终止，不是真实断路。,https://www.openstreetmap.org/node/432452894 https://www.openstreetmap.org/way/37132255 https://www.openstreetmap.org/way/37132257
D159,1493146458,104.0647909,30.6151599,boundary_clip,人民南路四段,highway.primary,public_road_class_access_unverified,True,136064112;136069028,原始OSM在该点继续，模型端点位于请求2km范围之外；整段保留/边界筛选产生的外部终止，不是真实断路。,https://www.openstreetmap.org/node/1493146458 https://www.openstreetmap.org/way/136064112 https://www.openstreetmap.org/way/136069028
M01,13766510045,104.0635586,30.6341028,passenger_mode_boundary,,highway.service/highway.unclassified,public_road_class_access_unverified/service_access_unverified,True,1504427097;1504766983,小客车只有一条接入支路，但其他模式道路仍接续；不是全道路断头。排除小客车可能是SUMO默认权限，不能等同现场禁行。,https://www.openstreetmap.org/node/13766510045 https://www.openstreetmap.org/way/1504427097 https://www.openstreetmap.org/way/1504766983
M02,11799930353,104.0522612,30.6283677,passenger_mode_boundary,火烧堰巷,highway.pedestrian/highway.residential,foot_cycle_path/public_road_class_access_unverified,True,1270651031;265833231,小客车只有一条接入支路，但其他模式道路仍接续；不是全道路断头。排除小客车可能是SUMO默认权限，不能等同现场禁行。,https://www.openstreetmap.org/node/11799930353 https://www.openstreetmap.org/way/1270651031 https://www.openstreetmap.org/way/265833231
M03,13888813828,104.0530858,30.6282773,passenger_mode_boundary,白云街,highway.footway/highway.residential/highway.service,foot_cycle_path/public_road_class_access_unverified/service_access_unverified,True,1523624124;1523624125;345684188,小客车只有一条接入支路，但其他模式道路仍接续；不是全道路断头。排除小客车可能是SUMO默认权限，不能等同现场禁行。,https://www.openstreetmap.org/node/13888813828 https://www.openstreetmap.org/way/1523624124 https://www.openstreetmap.org/way/1523624125 https://www.openstreetmap.org/way/345684188
M04,13888813829,104.0544456,30.6280419,passenger_mode_boundary,蓓蕾中巷,highway.footway/highway.residential/highway.service,foot_cycle_path/public_road_class_access_unverified/service_access_unverified,True,1270651035;1523624124;1523624126,小客车只有一条接入支路，但其他模式道路仍接续；不是全道路断头。排除小客车可能是SUMO默认权限，不能等同现场禁行。,https://www.openstreetmap.org/node/13888813829 https://www.openstreetmap.org/way/1270651035 https://www.openstreetmap.org/way/1523624124 https://www.openstreetmap.org/way/1523624126
M05,1159175700,104.0714431,30.6187925,passenger_mode_boundary,航空路,highway.residential/highway.service,public_road_class_access_unverified/service_access_unverified,True,100288911;37132261;476664224,小客车只有一条接入支路，但其他模式道路仍接续；不是全道路断头。排除小客车可能是SUMO默认权限，不能等同现场禁行。,https://www.openstreetmap.org/node/1159175700 https://www.openstreetmap.org/way/100288911 https://www.openstreetmap.org/way/37132261 https://www.openstreetmap.org/way/476664224
B01,11699319252,104.0642794,30.6361885,directed_boundary_clip,人民南路三段,highway.tertiary/highway.tertiary_link,public_road_class_access_unverified,True,136005112;564190177,多支单向道路在模型外部边界汇入或发出；不是单支几何尽端。原图有续路，未把该点解释为真实断头路。,https://www.openstreetmap.org/way/136005112 https://www.openstreetmap.org/way/564190177
B02,4548141015,104.0727498,30.6226718,directed_boundary_clip,二环高架路/人南立交,highway.trunk/highway.trunk_link,public_road_class_access_unverified,True,221951480;458883925;871604767,多支单向道路在模型外部边界汇入或发出；不是单支几何尽端。原图有续路，未把该点解释为真实断头路。,https://www.openstreetmap.org/way/221951480 https://www.openstreetmap.org/way/458883925 https://www.openstreetmap.org/way/871604767
B03,4548141029,104.0728431,30.622856,directed_boundary_clip,二环高架路/人南立交,highway.trunk/highway.trunk_link,public_road_class_access_unverified,True,441574380;458883907;458883912,多支单向道路在模型外部边界汇入或发出；不是单支几何尽端。原图有续路，未把该点解释为真实断头路。,https://www.openstreetmap.org/way/441574380 https://www.openstreetmap.org/way/458883907 https://www.openstreetmap.org/way/458883912
B04,2333187912,104.0707044,30.6225909,directed_boundary_clip,二环路南三段,highway.secondary/highway.secondary_link,public_road_class_access_unverified,True,458891623;896111031,多支单向道路在模型外部边界汇入或发出；不是单支几何尽端。原图有续路，未把该点解释为真实断头路。,https://www.openstreetmap.org/way/458891623 https://www.openstreetmap.org/way/896111031
B05,5436607846,104.0639306,30.6362659,directed_boundary_clip,人民南路三段,highway.tertiary/highway.tertiary_link,public_road_class_access_unverified,True,459143617;564190179,多支单向道路在模型外部边界汇入或发出；不是单支几何尽端。原图有续路，未把该点解释为真实断头路。,https://www.openstreetmap.org/way/459143617 https://www.openstreetmap.org/way/564190179
