run_id,period,policy,seed,generated,completed,final_inside,final_waiting,peak_inside,peak_core,peak_stopped,peak_core_stopped,mean_speed_km_h,mean_core_speed_km_h,completed_mean_delay_seconds,peak_cohort_tstt_vehicle_seconds,clearance_time_seconds,collisions,teleports
high_pressure_S0_am_42_v3,am,S0,42,4042,3984,58,0,1283,519,859,375,14.564227156901644,12.492858151382531,564.7651779428734,2820209.2660000017,,0,0
high_pressure_S0_am_43_v3,am,S0,43,4068,3975,93,0,1267,538,801,352,14.691732315046043,12.243988729057861,560.3837583493741,2892322.7690000013,,0,0
high_pressure_S0_am_44_v3,am,S0,44,3966,3891,75,0,1221,508,750,347,15.100400529573365,12.262185739815635,569.2498210001667,2788941.91,,0,0
high_pressure_S0_pm_42_v3,pm,S0,42,4015,3826,189,0,1479,646,1003,457,11.86243247536386,10.67043371838107,627.2083599724178,3311076.836000004,,0,0
high_pressure_S0_pm_43_v3,pm,S0,43,3853,3684,169,0,1404,650,998,491,12.18168700142339,10.570761451086438,635.2562702186561,3153725.735,,0,0
high_pressure_S0_pm_44_v3,pm,S0,44,3844,3692,152,0,1432,650,1030,466,12.350682332775333,10.499793435927026,608.691443169132,3007763.056000001,,0,0
high_pressure_S7_am_42_v3,am,S7,42,4042,3180,809,53,1315,591,879,485,14.06638004319849,11.103277677640154,330.88491346101466,3942088.2660000017,,0,0
high_pressure_S7_am_43_v3,am,S7,43,4068,3336,724,8,1401,537,989,376,12.726925206606712,10.980686717264675,493.5717111164563,4075369.2690000017,,0,0
high_pressure_S7_am_44_v3,am,S7,44,3966,3950,16,0,1233,475,811,334,14.50338047723627,12.055624936037235,665.2814334332792,2974490.41,,0,0
high_pressure_S7_pm_42_v3,pm,S7,42,4015,3822,193,0,1511,630,971,439,11.719783165229005,11.210982661881603,669.0287312070301,3455476.836000004,,0,0
high_pressure_S7_pm_43_v3,pm,S7,43,3853,3540,313,0,1407,630,1067,503,11.828796495554181,10.686531563684618,662.3027062047263,3524223.7350000003,,0,0
high_pressure_S7_pm_44_v3,pm,S7,44,3844,3380,439,25,1528,670,1131,512,11.07677717666631,9.408814818212608,669.6375597209391,3825036.556000001,,0,0
