condition,period,seed,policy,baseline_run_id,candidate_run_id,delta_tstt_vehicle_seconds,delta_completion_rate,delta_external_waiting,delta_completed,delta_terminal_backlog
nominal,am,211,S1,3fee4da55580437096dc3e24770c1af3,958dcfef9375416fb57a1f7ceb65f9cc,-537453.5000000009,0.01210598446779354,12,53,-53
nominal,am,223,S1,6a2fe9eac93343f79b73c5da1b9700a0,225801bd0f2d410eb8193749276641ec,219772.4999999986,0.0011693171188025264,-2,5,-5
nominal,am,211,S5,3fee4da55580437096dc3e24770c1af3,c0ccfacf90f0423ebdff7444d78410b0,-199444.0,0.0029693924166286356,3,13,-13
nominal,am,223,S5,6a2fe9eac93343f79b73c5da1b9700a0,17692d6181af4bc9a1f38a6c3a568ea0,-21080.500000002794,0.002806361085126219,-23,12,-12
nominal,pm,211,S1,bd3e9786eec84fbf98173b1560218a5c,3e5f824667e44defb47bbb7e18b0c4d1,190155.49999999907,-0.0009413979759943514,0,-4,4
nominal,pm,223,S1,ee4e3c93d1ec4a139db1f77b69d2eeb7,ff77a7eeeec04e92af33fee5475febf5,173076.00000000047,-0.0009440641963653906,16,-4,4
nominal,pm,211,S5,bd3e9786eec84fbf98173b1560218a5c,d0e9391ad900439eb6dea14bcfa32553,177442.49999999907,-0.0009413979759943514,0,-4,4
nominal,pm,223,S5,ee4e3c93d1ec4a139db1f77b69d2eeb7,23872285ee764ba982df0f9d4cc9355b,-135767.00000000093,0.002832192589096061,0,12,-12
exit_constraint,am,211,S1,26252f5c5f42443c898496e4a49eb60e,b19a6a0a96cd4060b8097e06bc510c38,-645991.5000000009,0.021014161717679336,-49,92,-92
exit_constraint,am,223,S1,f276cbd782d04369a0bc4b8702007ff5,7f449c56c95e4598a34ee108d202db85,-362663.00000000745,0.012628624883068262,-45,54,-54
exit_constraint,am,211,S5,26252f5c5f42443c898496e4a49eb60e,e4f3f70840f7403e8c7ab4f5db2b8aa5,-7638.5,0.004339881224303399,4,19,-19
exit_constraint,am,223,S5,f276cbd782d04369a0bc4b8702007ff5,b66d9660a79341ee8304df9a00612224,-82218.99999999953,0.009822263797942044,-45,42,-42
exit_constraint,pm,211,S1,f1368ad0620a42dcac05744a537b6262,cf445a775fe043ab8aab48b2434136b1,-192332.5,0.0025888444339845496,-14,11,-11
exit_constraint,pm,223,S1,3d39d55c087a433aaf7f4798fcb50cd6,d48b4995311a4f1fa9a8fa389731a04e,130213.5000000028,0.002832192589096061,-3,12,-12
exit_constraint,pm,211,S5,f1368ad0620a42dcac05744a537b6262,9a29c4dde0e5449aa8359f04dd8f0579,-526513.0000000005,0.005177688867968988,-14,22,-22
exit_constraint,pm,223,S5,3d39d55c087a433aaf7f4798fcb50cd6,3eb0a424e7a845e5bb1bd119ddace7e7,272391.0000000028,0.001416096294548086,27,6,-6
